{"Training reward": 0.7377256627744373, "movingAverage": 0.9181623620508503, "_runtime": 2323, "_timestamp": 1618837128, "_step": 19, "args": {"lr": 0.1, "arch": [32, 64, 32], "num_revisit": 4, "sigma": 0.01, "dropout": 0.3, "gamma": 0.9, "model_id": "90071528-a109-11eb-bfef-acde48001122.pt", "mode": "training-easy", "best_reward": 1.6072478073187995}}