{"Training reward": 0.1952718922884742, "movingAverage": 0.6274390576729729, "_runtime": 528, "_timestamp": 1618804349, "_step": 19, "args": {"lr": 0.1, "arch": [32, 64, 32], "num_revisit": 1, "sigma": 0.01, "dropout": 0.3, "gamma": 0.8, "model_id": "6be83de2-a0c1-11eb-8ab6-acde48001122.pt", "mode": "training-hard", "best_reward": 1.1057218683367864}}