{"Training reward": [0.26029669516060494, 0.09785012935617488, 0.028117106066474662, 0.09211106454995388, 0.06227085001546584, 0.06518026685125733, 0.028512250954008778, 0.34081561615266764, 0.10904622205225678, 0.1022869700245792, 0.7670827665810975, 0.3748818001906784, 1.0293603778231954, 0.7356487929423565], "_step": 13, "_runtime": 285, "_timestamp": 1618559149}