{"Training reward": 1.0472054277413463, "movingAverage": 0.8630522485841823, "_runtime": 2454, "_timestamp": 1618849537, "_step": 19, "args": {"lr": 0.1, "arch": [32, 64, 32], "num_revisit": 4, "sigma": 0.1, "dropout": 0.5, "gamma": 0.99, "model_id": "25f04a4a-a126-11eb-9231-acde48001122.pt", "mode": "training-hard", "best_reward": 1.7670827665888282}}