{"Training reward": 0.5299500315481964, "movingAverage": 0.7639884082955177, "_runtime": 511, "_timestamp": 1618801669, "_step": 19, "args": {"lr": 0.1, "arch": [32, 64, 32], "num_revisit": 1, "sigma": 0.001, "dropout": 0.5, "gamma": 0.99, "model_id": "38a6de8a-a0bb-11eb-b648-acde48001122.pt", "mode": "training-hard", "best_reward": 1.1150639396985298}}