{"Training reward": 0.2726037531374459, "movingAverage": 0.24960402607905507, "_runtime": 1750, "_timestamp": 1618818621, "_step": 9}