{"Training reward": 0.11012463678270024, "movingAverage": 0.06961604168017217, "_runtime": 19351, "_timestamp": 1619007750, "_step": 13}