{"Training reward": 0.6151751669488021, "movingAverage": 0.908662396945715, "_runtime": 513, "_timestamp": 1618805442, "_step": 19, "args": {"lr": 0.1, "arch": [32, 64, 32], "num_revisit": 1, "sigma": 0.01, "dropout": 0.5, "gamma": 0.9, "model_id": "0080ba7a-a0c4-11eb-8a72-acde48001122.pt", "mode": "training-easy", "best_reward": 1.1153490818755927}}