{"Training reward": 0.047481022020974706, "movingAverage": 0.04280466547521655, "_runtime": 4877, "_timestamp": 1618846741, "_step": 19, "args": {"lr": 0.1, "arch": [32, 64, 32], "num_revisit": 8, "sigma": 0.01, "dropout": 0.3, "gamma": 0.99, "model_id": "ffe3fab0-a119-11eb-98a4-acde48001122.pt", "mode": "training-easy", "best_reward": 0.921616013582252}}