{"Training reward": 0.8469500554090246, "movingAverage": 0.6801020278816736, "_runtime": 2270, "_timestamp": 1618830440, "_step": 19, "args": {"lr": 0.1, "arch": [32, 64, 32], "num_revisit": 4, "sigma": 0.001, "dropout": 0.5, "gamma": 0.99, "model_id": "1da7f31e-a0fa-11eb-9a55-acde48001122.pt", "mode": "training-hard", "best_reward": 1.3401619031956216}}