{"Training reward": 0.06481491872921197, "movingAverage": 0.05179333498909955, "_runtime": 1339, "_timestamp": 1618850881, "_step": 9}