{"Training reward": 0.05686716242729517, "movingAverage": 0.21554163681395266, "_runtime": 1064, "_timestamp": 1618989782, "_step": 1}