{"Training reward": 0.04268698901826914, "movingAverage": 0.059051680097704104, "_runtime": 19636, "_timestamp": 1619008312, "_step": 13}