{"Training reward": 0.2936602236143244, "movingAverage": 0.3258038593482453, "_runtime": 21023, "_timestamp": 1618916710, "_step": 19, "args": {"lr": 0.01, "gamma": 0.95, "num_revisit": 12, "sigma": 0.001, "cnn_hidden": [8, 16], "rnn_hidden": 32, "dropout": 0.3, "model_id": "52ee0a86-a197-11eb-a022-acde48001122.pt", "best_reward": 0.4874467385711038}}