{"Training reward": 0.02138265913890791, "movingAverage": 0.02348787721973622, "_runtime": 686, "_timestamp": 1618871726, "_step": 6}