{"Training reward": 0.040607986442845835, "movingAverage": 0.1682189945120677, "_runtime": 3003, "_timestamp": 1618992945, "_step": 5}