{"Training reward": 1.115349081867862, "movingAverage": 0.9035786206841294, "_runtime": 551, "_timestamp": 1618808124, "_step": 19, "args": {"lr": 0.1, "arch": [32, 64, 32], "num_revisit": 1, "sigma": 0.1, "dropout": 0.5, "gamma": 0.99, "model_id": "283c1f4c-a0ca-11eb-9314-acde48001122.pt", "mode": "training-easy", "best_reward": 1.115349081867862}}