{"Training reward": 1.0294804858242514, "movingAverage": 0.7932180531290811, "_runtime": 4008, "_timestamp": 1618850903, "_step": 15}