{"Training reward": 0.4615640908385785, "movingAverage": 0.47161297702547245, "_runtime": 2403, "_timestamp": 1618849210, "_step": 19, "args": {"lr": 0.1, "arch": [32, 64, 32], "num_revisit": 4, "sigma": 0.1, "dropout": 0.5, "gamma": 0.99, "model_id": "8182141e-a125-11eb-8ebd-acde48001122.pt", "mode": "training-easy", "best_reward": 1.1150639397003488}}