{"Training reward": 1.0668445292598108, "movingAverage": 0.9060579665045907, "_runtime": 1687, "_timestamp": 1618850901, "_step": 12}