{"Training reward": 0.06508399856877152, "movingAverage": 0.08803094101203982, "_runtime": 10494, "_timestamp": 1618901051, "_step": 9}