{"Training reward": 0.9216160135827067, "movingAverage": 0.8396956377801215, "_runtime": 556, "_timestamp": 1618901620, "_step": 19, "args": {"lr": 0.01, "gamma": 0.95, "num_revisit": 1, "sigma": 0.001, "arch": [32, 64, 32], "dropout": 0.3, "model_id": "d8641b52-a1a3-11eb-bd73-acde48001122.pt", "best_reward": 1.1153490818724094}}