{"Training reward": 0.02476613047565479, "movingAverage": 0.05988847034950595, "_runtime": 543, "_timestamp": 1618800140, "_step": 19, "args": {"lr": 0.1, "arch": [32, 64, 32], "num_revisit": 1, "sigma": 0.001, "dropout": 0.3, "gamma": 0.99, "model_id": "98f746e8-a0b7-11eb-8790-acde48001122.pt", "mode": "training-easy", "best_reward": 1.1013110904309542}}