{"Training reward": 0.5117706130477776, "movingAverage": 0.5109597954245544, "_runtime": 5364, "_timestamp": 1618850564, "_step": 13}