{"Training reward": 0.026619683334047295, "movingAverage": 0.06443348647098901, "_runtime": 1446, "_timestamp": 1618816867, "_step": 19, "args": {"lr": 0.1, "arch": [32, 64, 32], "gamma": 0.99, "sigma": 0.01, "dropout": 0.5, "num_revisit": 3, "model_id": "6e157812-a0dc-11eb-8b7a-acde48001122.pt", "mode": "training-hard", "best_reward": 0.3490700002610083}}