{"Training reward": 0.8733901685238834, "movingAverage": 0.8450540650096837, "_runtime": 20215, "_timestamp": 1619008566, "_step": 14}