{"Training reward": 0.07340772776262838, "movingAverage": 0.050167125312746655, "_runtime": 19397, "_timestamp": 1619007760, "_step": 13}