{"Training reward": 0.5004774403734586, "movingAverage": 0.6346670664389364, "_runtime": 2285, "_timestamp": 1618825859, "_step": 19, "args": {"lr": 0.1, "arch": [32, 64, 32], "num_revisit": 4, "sigma": 0.001, "dropout": 0.3, "gamma": 0.99, "model_id": "6cabb19a-a0ef-11eb-bb49-acde48001122.pt", "mode": "training-hard", "best_reward": 1.7670827665906472}}