{"Training reward": 0.06478434039308922, "movingAverage": 0.09333889591516709, "_runtime": 685, "_timestamp": 1618871749, "_step": 6}