{"Training reward": 0.8313114388180338, "movingAverage": 0.921286396333187, "_runtime": 2276, "_timestamp": 1618828116, "_step": 19, "args": {"lr": 0.1, "arch": [32, 64, 32], "num_revisit": 4, "sigma": 0.001, "dropout": 0.3, "gamma": 0.9, "model_id": "b0a2c7b4-a0f4-11eb-8f1b-acde48001122.pt", "mode": "training-easy", "best_reward": 1.115349081875138}}