{"Training reward": 0.08459346091490261, "movingAverage": 0.0486901360865204, "_runtime": 563, "_timestamp": 1618807568, "_step": 19, "args": {"lr": 0.1, "arch": [32, 64, 32], "num_revisit": 1, "sigma": 0.1, "dropout": 0.3, "gamma": 0.8, "model_id": "d5c73ee6-a0c8-11eb-9434-acde48001122.pt", "mode": "training-easy", "best_reward": 0.11506403189105185}}