{"Training reward": 0.9413501289571778, "movingAverage": 0.8560214768126296, "_runtime": 8996, "_timestamp": 1618997871, "_step": 19, "args": {"lr": 0.01, "gamma": 0.95, "num_revisit": 12, "sigma": 0.001, "arch": [32, 64, 32], "dropout": 0.3, "model_id": "4b978a68-a270-11eb-a558-acde48001122.pt", "best_reward": 0.941850501077378}}