{"Training reward": 0.6072478073217553, "movingAverage": 0.6072478073203911, "_runtime": 3820, "_timestamp": 1618818533, "_step": 14}