{"Training reward": [0.6151751669340229, 1.1150639396987572, 0.7082653196343927], "_step": 2, "_runtime": 58, "_timestamp": 1618558063}