{"Training reward": 0.04552812665512344, "movingAverage": 0.0500550772616369, "_runtime": 4032, "_timestamp": 1618992955, "_step": 7}