{"Training reward": 0.11534908186740722, "movingAverage": 0.7052630869156928, "_runtime": 517, "_timestamp": 1618801184, "_step": 19, "args": {"lr": 0.1, "arch": [32, 64, 32], "num_revisit": 1, "sigma": 0.001, "dropout": 0.3, "gamma": 0.8, "model_id": "144707fa-a0ba-11eb-a426-acde48001122.pt", "mode": "training-easy", "best_reward": 1.115063939696256}}