{"Training reward": 0.03547904794186252, "movingAverage": 0.026740171299252324, "_runtime": 3610, "_timestamp": 1618815416, "_step": 19, "args": {"lr": 0.1, "arch": [32, 64, 32], "gamma": 0.99, "sigma": 0.01, "dropout": 0.3, "num_revisit": 7, "model_id": "04283adc-a0d4-11eb-8e78-acde48001122.pt", "mode": "training-hard", "best_reward": 0.07391228774008596}}