{"Training reward": 0.04514867033662995, "movingAverage": 0.04547119485581814, "_runtime": 7395, "_timestamp": 1618878775, "_step": 17}