{"Training reward": 0.769731929466019, "movingAverage": 0.8071334562596775, "_runtime": 3947, "_timestamp": 1618850693, "_step": 15}