{"Training reward": 0.019633416834039963, "movingAverage": 0.008787350766283453, "_runtime": 4230, "_timestamp": 1618818655, "_step": 16}