{"Training reward": 0.6474798728412452, "movingAverage": 0.6643781844844625, "_runtime": 4572, "_timestamp": 1618827994, "_step": 19, "args": {"lr": 0.1, "arch": [32, 64, 32], "num_revisit": 8, "sigma": 0.001, "dropout": 0.3, "gamma": 0.99, "model_id": "11f3cbf4-a0ef-11eb-bee2-acde48001122.pt", "mode": "training-hard", "best_reward": 1.373042464899072}}