{"Training reward": 0.6072478073167531, "movingAverage": 0.6151751669416399, "_runtime": 1455, "_timestamp": 1618818696, "_step": 7}