{"Training reward": 0.886741328989956, "movingAverage": 0.8611558735207154, "_runtime": 555, "_timestamp": 1618809242, "_step": 19, "args": {"lr": 0.1, "arch": [32, 64, 32], "num_revisit": 1, "sigma": 0.1, "dropout": 0.5, "gamma": 0.8, "model_id": "c05f4266-a0cc-11eb-b036-acde48001122.pt", "mode": "training-easy", "best_reward": 1.115349081867862}}