{"Training reward": 0.11540337805926508, "movingAverage": 0.11610768030284171, "_runtime": 6614, "_timestamp": 1618850754, "_step": 17}